<ExtremePark>
    <name>Park One</name>
    <net>100000</net>
    <population>750</population>
    <Park>
        <Park>
            <type>Trunk</type>
            <ID>1</ID>
            <Branches>
                <type>Track</type>
                <height>5</height>
                <angle>0</angle>
                <ID>7</ID>
                <TrackSections>
                    <Type>TrackSection</Type>
                    <ID>8</ID>
                    <Format>83</Format>
                    <DegPitch>0</DegPitch>
                    <Distance>0</Distance>
                    <DegRotation>0</DegRotation>
                    <Radius>0</Radius>
                    <PitchRadius>-4.31602e+008</PitchRadius>
                    <Roll>0</Roll>
                </TrackSections>
                <TrackSections>
                    <Type>TrackSection</Type>
                    <ID>9</ID>
                    <Format>83</Format>
                    <DegPitch>0</DegPitch>
                    <Distance>0</Distance>
                    <DegRotation>0</DegRotation>
                    <Radius>0</Radius>
                    <PitchRadius>-4.31602e+008</PitchRadius>
                    <Roll>0</Roll>
                </TrackSections>
                <TrackSections>
                    <Type>TrackSection</Type>
                    <ID>11</ID>
                    <Format>83</Format>
                    <DegPitch>0</DegPitch>
                    <Distance>0</Distance>
                    <DegRotation>0</DegRotation>
                    <Radius>0</Radius>
                    <PitchRadius>-4.31602e+008</PitchRadius>
                    <Roll>0</Roll>
                </TrackSections>
                <TrackSections>
                    <Type>TrackSection</Type>
                    <ID>12</ID>
                    <Format>83</Format>
                    <DegPitch>0</DegPitch>
                    <Distance>0</Distance>
                    <DegRotation>0</DegRotation>
                    <Radius>0</Radius>
                    <PitchRadius>-4.31602e+008</PitchRadius>
                    <Roll>0</Roll>
                </TrackSections>
                <TrackSections>
                    <Type>TrackSection</Type>
                    <ID>14</ID>
                    <Format>83</Format>
                    <DegPitch>0</DegPitch>
                    <Distance>0</Distance>
                    <DegRotation>0</DegRotation>
                    <Radius>0</Radius>
                    <PitchRadius>-4.31602e+008</PitchRadius>
                    <Roll>0</Roll>
                </TrackSections>
                <TrackSections>
                    <Type>TrackSection</Type>
                    <ID>15</ID>
                    <Format>83</Format>
                    <DegPitch>0</DegPitch>
                    <Distance>0</Distance>
                    <DegRotation>0</DegRotation>
                    <Radius>0</Radius>
                    <PitchRadius>-4.31602e+008</PitchRadius>
                    <Roll>0</Roll>
                </TrackSections>
                <TrackSections>
                    <Type>TrackSection</Type>
                    <ID>17</ID>
                    <Format>83</Format>
                    <DegPitch>0</DegPitch>
                    <Distance>0</Distance>
                    <DegRotation>0</DegRotation>
                    <Radius>0</Radius>
                    <PitchRadius>-4.31602e+008</PitchRadius>
                    <Roll>0</Roll>
                </TrackSections>
                <TrackSections>
                    <Type>TrackSection</Type>
                    <ID>21</ID>
                    <Format>83</Format>
                    <DegPitch>0</DegPitch>
                    <Distance>0</Distance>
                    <DegRotation>0</DegRotation>
                    <Radius>0</Radius>
                    <PitchRadius>-4.31602e+008</PitchRadius>
                    <Roll>0</Roll>
                </TrackSections>
                <TrackSections>
                    <Type>TrackSection</Type>
                    <ID>27</ID>
                    <Format>83</Format>
                    <DegPitch>0</DegPitch>
                    <Distance>0</Distance>
                    <DegRotation>0</DegRotation>
                    <Radius>0</Radius>
                    <PitchRadius>-4.31602e+008</PitchRadius>
                    <Roll>0</Roll>
                </TrackSections>
                <TrackSections>
                    <Type>TrackSection</Type>
                    <ID>30</ID>
                    <Format>83</Format>
                    <DegPitch>0</DegPitch>
                    <Distance>0</Distance>
                    <DegRotation>0</DegRotation>
                    <Radius>0</Radius>
                    <PitchRadius>-4.31602e+008</PitchRadius>
                    <Roll>0</Roll>
                </TrackSections>
                <TrackSections>
                    <Type>TrackSection</Type>
                    <ID>37</ID>
                    <Format>83</Format>
                    <DegPitch>0</DegPitch>
                    <Distance>0</Distance>
                    <DegRotation>0</DegRotation>
                    <Radius>0</Radius>
                    <PitchRadius>-4.31602e+008</PitchRadius>
                    <Roll>0</Roll>
                </TrackSections>
                <TrackSections>
                    <Type>TrackSection</Type>
                    <ID>39</ID>
                    <Format>83</Format>
                    <DegPitch>0</DegPitch>
                    <Distance>0</Distance>
                    <DegRotation>0</DegRotation>
                    <Radius>0</Radius>
                    <PitchRadius>-4.31602e+008</PitchRadius>
                    <Roll>0</Roll>
                </TrackSections>
            </Branches>
        </Park>
    </Park>
</ExtremePark>
