<TPBPark>
    <name>Park One</name>
    <net>100000</net>
    <population>750</population>
    <Park>
        <Pathway>
            <type>Floor</type>
            <Pathway>-10</Pathway>
            <xstart>396</xstart>
            <xend>396</xend>
            <ystart>360</ystart>
            <zstart>-0.4</zstart>
        </Pathway>
        <Pathway>
            <type>Floor</type>
            <Pathway>-9</Pathway>
            <xstart>396</xstart>
            <xend>396</xend>
            <ystart>324</ystart>
            <zstart>-0.4</zstart>
        </Pathway>
        <Pathway>
            <type>Floor</type>
            <Pathway>-8</Pathway>
            <xstart>396</xstart>
            <xend>396</xend>
            <ystart>288</ystart>
            <zstart>-0.4</zstart>
        </Pathway>
        <Pathway>
            <type>Floor</type>
            <Pathway>-7</Pathway>
            <xstart>396</xstart>
            <xend>396</xend>
            <ystart>252</ystart>
            <zstart>-0.4</zstart>
        </Pathway>
        <Pathway>
            <type>Floor</type>
            <Pathway>-6</Pathway>
            <xstart>396</xstart>
            <xend>396</xend>
            <ystart>216</ystart>
            <zstart>-0.4</zstart>
        </Pathway>
        <Pathway>
            <type>Floor</type>
            <Pathway>-5</Pathway>
            <xstart>396</xstart>
            <xend>396</xend>
            <ystart>180</ystart>
            <zstart>-0.4</zstart>
        </Pathway>
        <Pathway>
            <type>Floor</type>
            <Pathway>-4</Pathway>
            <xstart>396</xstart>
            <xend>396</xend>
            <ystart>144</ystart>
            <zstart>-0.4</zstart>
        </Pathway>
        <Pathway>
            <type>Floor</type>
            <Pathway>-3</Pathway>
            <xstart>396</xstart>
            <xend>396</xend>
            <ystart>108</ystart>
            <zstart>-0.4</zstart>
        </Pathway>
        <Pathway>
            <type>Floor</type>
            <Pathway>-2</Pathway>
            <xstart>396</xstart>
            <xend>396</xend>
            <ystart>72</ystart>
            <zstart>-0.4</zstart>
        </Pathway>
        <Pathway>
            <type>Floor</type>
            <Pathway>-1</Pathway>
            <xstart>396</xstart>
            <xend>396</xend>
            <ystart>36</ystart>
            <zstart>-0.4</zstart>
        </Pathway>
    </Park>
</TPBPark>
