<highrisetower>
    <name>Tower One</name>
    <net>100000</net>
    <population>750</population>
    <tower>
        <level>
            <type>Floor</type>
            <level>-10</level>
            <xstart>396</xstart>
            <xend>396</xend>
        </level>
        <level>
            <type>Floor</type>
            <level>-9</level>
            <xstart>396</xstart>
            <xend>396</xend>
        </level>
        <level>
            <type>Floor</type>
            <level>-8</level>
            <xstart>396</xstart>
            <xend>396</xend>
        </level>
        <level>
            <type>Floor</type>
            <level>-7</level>
            <xstart>396</xstart>
            <xend>396</xend>
        </level>
        <level>
            <type>Floor</type>
            <level>-6</level>
            <xstart>396</xstart>
            <xend>396</xend>
        </level>
        <level>
            <type>Floor</type>
            <level>-5</level>
            <xstart>396</xstart>
            <xend>396</xend>
        </level>
        <level>
            <type>Floor</type>
            <level>-4</level>
            <xstart>396</xstart>
            <xend>396</xend>
        </level>
        <level>
            <type>Floor</type>
            <level>-3</level>
            <xstart>396</xstart>
            <xend>396</xend>
        </level>
        <level>
            <type>Floor</type>
            <level>-2</level>
            <xstart>396</xstart>
            <xend>396</xend>
        </level>
        <level>
            <type>Floor</type>
            <level>-1</level>
            <xstart>396</xstart>
            <xend>828</xend>
           <room>
              <type>office</type>
              <xpos>396</xpos>
              <ypos>-36</ypos>
              <zpos>-0.5</zpos>
              <state>1</state>
           </room>
        </level>
        <level>
            <type>Lobby</type>
            <level>0</level>
            <xstart>396</xstart>
            <xend>828</xend>
        </level>
        <level>
            <type>Floor</type>
            <level>1</level>
            <xstart>396</xstart>
            <xend>828</xend>
            <room>
                <type>office</type>
                <xpos>396</xpos>
                <ypos>-36</ypos>
                <zpos>-0.5</zpos>
                <state>1</state>
            </room>
            <room>
                <type>office</type>
                <xpos>468</xpos>
                <ypos>-36</ypos>
                <zpos>-0.5</zpos>
                <state>0</state>
            </room>
            <room>
                <type>office</type>
                <xpos>540</xpos>
                <ypos>-36</ypos>
                <zpos>-0.5</zpos>
                <state>0</state>
            </room>
            <room>
                <type>office</type>
                <xpos>612</xpos>
                <ypos>-36</ypos>
                <zpos>-0.5</zpos>
                <state>1</state>
            </room>
            <room>
                <type>office</type>
                <xpos>684</xpos>
                <ypos>-36</ypos>
                <zpos>-0.5</zpos>
                <state>0</state>
            </room>
            <room>
                <type>office</type>
                <xpos>756</xpos>
                <ypos>-36</ypos>
                <zpos>-0.5</zpos>
                <state>0</state>
            </room>
        </level>
        <level>
            <type>Floor</type>
            <level>2</level>
            <xstart>396</xstart>
            <xend>828</xend>
            <room>
                <type>office</type>
                <xpos>396</xpos>
                <ypos>-72</ypos>
                <zpos>-0.5</zpos>
                <state>0</state>
            </room>
            <room>
                <type>office</type>
                <xpos>468</xpos>
                <ypos>-72</ypos>
                <zpos>-0.5</zpos>
                <state>1</state>
            </room>
            <room>
                <type>office</type>
                <xpos>540</xpos>
                <ypos>-72</ypos>
                <zpos>-0.5</zpos>
                <state>0</state>
            </room>
            <room>
                <type>office</type>
                <xpos>612</xpos>
                <ypos>-72</ypos>
                <zpos>-0.5</zpos>
                <state>0</state>
            </room>
            <room>
                <type>office</type>
                <xpos>684</xpos>
                <ypos>-72</ypos>
                <zpos>-0.5</zpos>
                <state>1</state>
            </room>
            <room>
                <type>office</type>
                <xpos>756</xpos>
                <ypos>-72</ypos>
                <zpos>-0.5</zpos>
                <state>1</state>
            </room>
        </level>
        <level>
            <type>Floor</type>
            <level>3</level>
            <xstart>396</xstart>
            <xend>828</xend>
            <room>
                <type>office</type>
                <xpos>396</xpos>
                <ypos>-108</ypos>
                <zpos>-0.5</zpos>
                <state>0</state>
            </room>
            <room>
                <type>office</type>
                <xpos>468</xpos>
                <ypos>-108</ypos>
                <zpos>-0.5</zpos>
                <state>1</state>
            </room>
            <room>
                <type>office</type>
                <xpos>540</xpos>
                <ypos>-108</ypos>
                <zpos>-0.5</zpos>
                <state>1</state>
            </room>
            <room>
                <type>office</type>
                <xpos>612</xpos>
                <ypos>-108</ypos>
                <zpos>-0.5</zpos>
                <state>0</state>
            </room>
            <room>
                <type>office</type>
                <xpos>684</xpos>
                <ypos>-108</ypos>
                <zpos>-0.5</zpos>
                <state>0</state>
            </room>
            <room>
                <type>office</type>
                <xpos>756</xpos>
                <ypos>-108</ypos>
                <zpos>-0.5</zpos>
                <state>1</state>
            </room>
        </level>
        <level>
            <type>Floor</type>
            <level>4</level>
            <xstart>396</xstart>
            <xend>828</xend>
            <room>
                <type>office</type>
                <xpos>396</xpos>
                <ypos>-144</ypos>
                <zpos>-0.5</zpos>
                <state>1</state>
            </room>
            <room>
                <type>office</type>
                <xpos>468</xpos>
                <ypos>-144</ypos>
                <zpos>-0.5</zpos>
                <state>1</state>
            </room>
            <room>
                <type>office</type>
                <xpos>540</xpos>
                <ypos>-144</ypos>
                <zpos>-0.5</zpos>
                <state>1</state>
            </room>
            <room>
                <type>office</type>
                <xpos>612</xpos>
                <ypos>-144</ypos>
                <zpos>-0.5</zpos>
                <state>1</state>
            </room>
            <room>
                <type>office</type>
                <xpos>684</xpos>
                <ypos>-144</ypos>
                <zpos>-0.5</zpos>
                <state>0</state>
            </room>
            <room>
                <type>office</type>
                <xpos>756</xpos>
                <ypos>-144</ypos>
                <zpos>-0.5</zpos>
                <state>0</state>
            </room>
        </level>
        <level>
            <type>Floor</type>
            <level>5</level>
            <xstart>396</xstart>
            <xend>828</xend>
           <room>
              <type>apartment</type>
              <xpos>396</xpos>
              <ypos>-144</ypos>
              <zpos>-0.5</zpos>
              <state>1</state>
           </room>
           <room>
              <type>apartment</type>
              <xpos>468</xpos>
              <ypos>-144</ypos>
              <zpos>-0.5</zpos>
              <state>1</state>
           </room>
           <room>
              <type>apartment</type>
              <xpos>540</xpos>
              <ypos>-144</ypos>
              <zpos>-0.5</zpos>
              <state>1</state>
           </room>
           <room>
              <type>apartment</type>
              <xpos>612</xpos>
              <ypos>-144</ypos>
              <zpos>-0.5</zpos>
              <state>1</state>
           </room>
           <room>
              <type>apartment</type>
              <xpos>684</xpos>
              <ypos>-144</ypos>
              <zpos>-0.5</zpos>
              <state>0</state>
           </room>
           <room>
              <type>apartment</type>
              <xpos>756</xpos>
              <ypos>-144</ypos>
              <zpos>-0.5</zpos>
              <state>0</state>
           </room>
        </level>
       <level>
          <type>Floor</type>
          <level>6</level>
          <xstart>396</xstart>
          <xend>828</xend>
       </level>
       <level>
          <type>Floor</type>
          <level>7</level>
          <xstart>396</xstart>
          <xend>828</xend>
       </level>
       <level>
          <type>Floor</type>
          <level>8</level>
          <xstart>396</xstart>
          <xend>828</xend>
       </level>
       <level>
          <type>Floor</type>
          <level>9</level>
          <xstart>396</xstart>
          <xend>828</xend>
       </level>
       <level>
          <type>Floor</type>
          <level>10</level>
          <xstart>396</xstart>
          <xend>828</xend>
       </level>
       <level>
          <type>Floor</type>
          <level>11</level>
          <xstart>396</xstart>
          <xend>828</xend>
       </level>
       <level>
          <type>Floor</type>
          <level>12</level>
          <xstart>396</xstart>
          <xend>828</xend>
       </level>
       <level>
          <type>Floor</type>
          <level>13</level>
          <xstart>396</xstart>
          <xend>828</xend>
       </level>
       <level>
          <type>Floor</type>
          <level>14</level>
          <xstart>396</xstart>
          <xend>828</xend>
       </level>
       <level>
          <type>Floor</type>
          <level>15</level>
          <xstart>396</xstart>
          <xend>828</xend>
          <room>
             <type>skylobby</type>
             <xpos>396</xpos>
             <xend>828</xend>
             <ypos>-396</ypos>
             <zpos>-0.5</zpos>
             <state>1</state>
          </room>
       </level>
    </tower>
</highrisetower>
